user_id,session_id,session_path,mental_demand,physical_demand,temporal_demand,performance,effort,frustration,stress_self_report,valence,arousal,label_file,dual_task_file,dual_task_n_probes,dual_task_mean_rt_ms,dual_task_success_rate,graphs_120s_count,graphs_30s_count,graphs_5s_count,graph_format,mouse_rows,keyboard_rows,notification_rows,session_duration_minutes,has_nasa_tlx,has_graphs_120s,has_mouse,has_keyboard,has_dual_task,usable
Graja,session_20260515_222448_5cad10,/home/hefouzinho/aam_data_6_1/Data/After update/Graja/session_20260515_222448_5cad10,,,,,,,,,,/home/hefouzinho/aam_data_6_1/Data/After update/Graja/session_20260515_222448_5cad10/raw/labels.csv (empty),/home/hefouzinho/aam_data_6_1/Data/After update/Graja/session_20260515_222448_5cad10/raw/dual_task.csv (empty),,,,,,,,1513,0.0,0.0,0.6,False,False,True,False,False,False
Graja,session_20260515_222548_05a79a,/home/hefouzinho/aam_data_6_1/Data/After update/Graja/session_20260515_222548_05a79a,,,,,,,,,,/home/hefouzinho/aam_data_6_1/Data/After update/Graja/session_20260515_222548_05a79a/raw/labels.csv (empty),/home/hefouzinho/aam_data_6_1/Data/After update/Graja/session_20260515_222548_05a79a/raw/dual_task.csv (empty),,,,,,,,2524,120.0,0.0,1.4,False,False,True,True,False,False
Graja,session_20260515_222916_e5858b,/home/hefouzinho/aam_data_6_1/Data/After update/Graja/session_20260515_222916_e5858b,20.0,5.0,5.0,95.0,35.0,20.0,22.0,90.0,80.0,/home/hefouzinho/aam_data_6_1/Data/After update/Graja/session_20260515_222916_e5858b/raw/labels.csv,/home/hefouzinho/aam_data_6_1/Data/After update/Graja/session_20260515_222916_e5858b/labels/dual_task.csv (empty),,,,11.0,41.0,243.0,json,47690,24.0,0.0,20.2,True,True,True,True,False,True
Makki,session_20260525_214154_0a4103,/home/hefouzinho/aam_data_6_1/Data/After update/Makki/session_20260525_214154_0a4103,40.0,30.0,20.0,70.0,20.0,0.0,0.0,90.0,0.0,/home/hefouzinho/aam_data_6_1/Data/After update/Makki/session_20260525_214154_0a4103/raw/labels.csv,/home/hefouzinho/aam_data_6_1/Data/After update/Makki/session_20260525_214154_0a4103/raw/dual_task.csv,5.0,677.858,0.4,15.0,60.0,360.0,json,254872,1011.0,0.0,29.9,True,True,True,True,True,True
amrdroid,session_20260516_110318_a84820,/home/hefouzinho/aam_data_6_1/Data/After update/amrdroid/session_20260516_110318_a84820,70.0,74.0,62.0,32.0,45.0,77.0,85.0,35.0,62.0,/home/hefouzinho/aam_data_6_1/Data/After update/amrdroid/session_20260516_110318_a84820/raw/labels.csv,/home/hefouzinho/aam_data_6_1/Data/After update/amrdroid/session_20260516_110318_a84820/raw/dual_task.csv,5.0,513.866,0.2,16.0,61.0,361.0,json,10810,98.0,0.0,29.5,True,True,True,True,True,True
amrdroid,session_20260516_114259_b75425,/home/hefouzinho/aam_data_6_1/Data/After update/amrdroid/session_20260516_114259_b75425,,,,,,,,,,/home/hefouzinho/aam_data_6_1/Data/After update/amrdroid/session_20260516_114259_b75425/raw/labels.csv (empty),/home/hefouzinho/aam_data_6_1/Data/After update/amrdroid/session_20260516_114259_b75425/raw/dual_task.csv,5.0,1440.188,0.6,,,,,10855,266.0,0.0,23.4,False,False,True,True,True,False
dem,session_20260510_191823_9a2425,/home/hefouzinho/aam_data_6_1/Data/After update/dem/session_20260510_191823_9a2425,,,,,,,,,,,,,,,0.0,0.0,0.0,,22504,,,30.0,False,False,True,False,False,False
dem,session_20260510_195504_b593cc,/home/hefouzinho/aam_data_6_1/Data/After update/dem/session_20260510_195504_b593cc,,,,,,,,,,,,,,,0.0,0.0,0.0,,2813,,,1.1,False,False,True,False,False,False
dem,session_20260511_095459_8a72ee,/home/hefouzinho/aam_data_6_1/Data/After update/dem/session_20260511_095459_8a72ee,,,,,,,,,,,,,,,0.0,0.0,0.0,,22557,,,30.0,False,False,True,False,False,False
dem,session_20260511_103551_c8d630,/home/hefouzinho/aam_data_6_1/Data/After update/dem/session_20260511_103551_c8d630,,,,,,,,,,,,,,,0.0,0.0,0.0,,21716,,,30.0,False,False,True,False,False,False
dem,session_20260516_170537_bf39bc,/home/hefouzinho/aam_data_6_1/Data/After update/dem/session_20260516_170537_bf39bc,,,,,,,,,,,,,,,,,,,21427,,,9.6,False,False,True,False,False,False
dem,session_20260517_082843_bea015,/home/hefouzinho/aam_data_6_1/Data/After update/dem/session_20260517_082843_bea015,,,,,,,,,,,,,,,0.0,0.0,0.0,,33106,,,67.1,False,False,True,False,False,False
dem,session_20260517_094738_ce576d,/home/hefouzinho/aam_data_6_1/Data/After update/dem/session_20260517_094738_ce576d,,,,,,,,,,,,,,,0.0,0.0,0.0,,42591,,,29.8,False,False,True,False,False,False
dem,session_20260517_105229_cb660e,/home/hefouzinho/aam_data_6_1/Data/After update/dem/session_20260517_105229_cb660e,29.0,29.0,53.0,50.0,50.0,50.0,36.0,50.0,50.0,/home/hefouzinho/aam_data_6_1/Data/After update/dem/session_20260517_105229_cb660e/raw/labels.csv,/home/hefouzinho/aam_data_6_1/Data/After update/dem/session_20260517_105229_cb660e/labels/dual_task.csv (empty),,,,3.0,9.0,49.0,json,5983,644.0,0.0,4.0,True,True,True,True,False,True
dem,session_20260517_113407_c4efba,/home/hefouzinho/aam_data_6_1/Data/After update/dem/session_20260517_113407_c4efba,58.0,11.0,74.0,44.0,64.0,28.0,68.0,50.0,58.0,/home/hefouzinho/aam_data_6_1/Data/After update/dem/session_20260517_113407_c4efba/raw/labels.csv,/home/hefouzinho/aam_data_6_1/Data/After update/dem/session_20260517_113407_c4efba/raw/dual_task.csv,6.0,2167.4683333333337,1.0,16.0,61.0,361.0,json,23412,340.0,0.0,30.0,True,True,True,True,True,True
dem,session_20260517_121410_2c55a5,/home/hefouzinho/aam_data_6_1/Data/After update/dem/session_20260517_121410_2c55a5,64.0,30.0,56.0,45.0,53.0,36.0,74.0,36.0,42.0,/home/hefouzinho/aam_data_6_1/Data/After update/dem/session_20260517_121410_2c55a5/raw/labels.csv,/home/hefouzinho/aam_data_6_1/Data/After update/dem/session_20260517_121410_2c55a5/raw/dual_task.csv,6.0,1030.445,0.8333333333333334,15.0,60.0,360.0,json,47735,469.0,0.0,29.7,True,True,True,True,True,True
dem,session_20260518_171548_c29868,/home/hefouzinho/aam_data_6_1/Data/After update/dem/session_20260518_171548_c29868,29.0,40.0,58.0,40.0,32.0,64.0,52.0,38.0,52.0,/home/hefouzinho/aam_data_6_1/Data/After update/dem/session_20260518_171548_c29868/raw/labels.csv,/home/hefouzinho/aam_data_6_1/Data/After update/dem/session_20260518_171548_c29868/raw/dual_task.csv,5.0,1768.7939999999999,1.0,16.0,61.0,361.0,json,65380,762.0,0.0,30.0,True,True,True,True,True,True
dem,session_20260518_184628_9851e6,/home/hefouzinho/aam_data_6_1/Data/After update/dem/session_20260518_184628_9851e6,59.0,30.0,70.0,50.0,44.0,50.0,62.0,31.0,59.0,/home/hefouzinho/aam_data_6_1/Data/After update/dem/session_20260518_184628_9851e6/raw/labels.csv,/home/hefouzinho/aam_data_6_1/Data/After update/dem/session_20260518_184628_9851e6/raw/dual_task.csv,12.0,1414.6233333333332,0.9166666666666666,31.0,121.0,721.0,json,70382,3116.0,0.0,60.0,True,True,True,True,True,True
dem,session_20260518_212527_225c72,/home/hefouzinho/aam_data_6_1/Data/After update/dem/session_20260518_212527_225c72,59.0,25.0,70.0,54.0,59.0,50.0,69.0,43.0,38.0,/home/hefouzinho/aam_data_6_1/Data/After update/dem/session_20260518_212527_225c72/raw/labels.csv,/home/hefouzinho/aam_data_6_1/Data/After update/dem/session_20260518_212527_225c72/raw/dual_task.csv,5.0,1387.916,0.6,16.0,61.0,361.0,json,12556,241.0,0.0,23.6,True,True,True,True,True,True
dem,session_20260519_173652_663f90,/home/hefouzinho/aam_data_6_1/Data/After update/dem/session_20260519_173652_663f90,38.0,32.0,50.0,28.0,16.0,50.0,39.0,31.0,50.0,/home/hefouzinho/aam_data_6_1/Data/After update/dem/session_20260519_173652_663f90/raw/labels.csv,/home/hefouzinho/aam_data_6_1/Data/After update/dem/session_20260519_173652_663f90/raw/dual_task.csv,4.0,1526.8225,0.75,16.0,61.0,361.0,json,60165,327.0,0.0,30.0,True,True,True,True,True,True
dem,session_20260519_182012_30aa98,/home/hefouzinho/aam_data_6_1/Data/After update/dem/session_20260519_182012_30aa98,54.0,33.0,68.0,63.0,56.0,37.0,64.0,43.0,56.0,/home/hefouzinho/aam_data_6_1/Data/After update/dem/session_20260519_182012_30aa98/raw/labels.csv,/home/hefouzinho/aam_data_6_1/Data/After update/dem/session_20260519_182012_30aa98/raw/dual_task.csv,6.0,1379.0166666666667,0.8333333333333334,16.0,61.0,361.0,json,45543,3525.0,0.0,30.0,True,True,True,True,True,True
dem,session_20260519_190457_ea6bb1,/home/hefouzinho/aam_data_6_1/Data/After update/dem/session_20260519_190457_ea6bb1,45.0,34.0,54.0,39.0,44.0,37.0,73.0,43.0,50.0,/home/hefouzinho/aam_data_6_1/Data/After update/dem/session_20260519_190457_ea6bb1/raw/labels.csv,/home/hefouzinho/aam_data_6_1/Data/After update/dem/session_20260519_190457_ea6bb1/raw/dual_task.csv,6.0,1626.8916666666667,0.8333333333333334,16.0,61.0,361.0,json,31862,4955.0,0.0,30.0,True,True,True,True,True,True
dem,session_20260519_210238_473eba,/home/hefouzinho/aam_data_6_1/Data/After update/dem/session_20260519_210238_473eba,,,,,,,,,,/home/hefouzinho/aam_data_6_1/Data/After update/dem/session_20260519_210238_473eba/raw/labels.csv (empty),/home/hefouzinho/aam_data_6_1/Data/After update/dem/session_20260519_210238_473eba/raw/dual_task.csv,6.0,1279.3633333333335,0.6666666666666666,,,,,26965,44.0,0.0,30.0,False,False,True,True,True,False
dem,session_20260520_181016_d6e98d,/home/hefouzinho/aam_data_6_1/Data/After update/dem/session_20260520_181016_d6e98d,38.0,21.0,59.0,40.0,34.0,65.0,72.0,26.0,21.0,/home/hefouzinho/aam_data_6_1/Data/After update/dem/session_20260520_181016_d6e98d/raw/labels.csv,/home/hefouzinho/aam_data_6_1/Data/After update/dem/session_20260520_181016_d6e98d/raw/dual_task.csv,6.0,1498.2666666666667,0.8333333333333334,0.0,0.0,247.0,json,34138,923.0,0.0,30.0,True,False,True,True,True,False
dem,session_20260520_185932_829e70,/home/hefouzinho/aam_data_6_1/Data/After update/dem/session_20260520_185932_829e70,56.0,36.0,60.0,40.0,36.0,68.0,70.0,29.0,22.0,/home/hefouzinho/aam_data_6_1/Data/After update/dem/session_20260520_185932_829e70/raw/labels.csv,/home/hefouzinho/aam_data_6_1/Data/After update/dem/session_20260520_185932_829e70/raw/dual_task.csv,6.0,1818.5816666666667,1.0,0.0,0.0,0.0,,27561,1018.0,0.0,29.6,True,False,True,True,True,False
dem,session_20260520_205609_c34357,/home/hefouzinho/aam_data_6_1/Data/After update/dem/session_20260520_205609_c34357,55.0,18.0,65.0,43.0,35.0,62.0,65.0,25.0,14.0,/home/hefouzinho/aam_data_6_1/Data/After update/dem/session_20260520_205609_c34357/raw/labels.csv,/home/hefouzinho/aam_data_6_1/Data/After update/dem/session_20260520_205609_c34357/raw/dual_task.csv,2.0,1608.4099999999999,1.0,0.0,0.0,0.0,,21052,870.0,0.0,15.0,True,False,True,True,True,False
dem,session_20260521_174609_da1dd3,/home/hefouzinho/aam_data_6_1/Data/After update/dem/session_20260521_174609_da1dd3,41.0,16.0,58.0,35.0,28.0,50.0,60.0,40.0,55.0,/home/hefouzinho/aam_data_6_1/Data/After update/dem/session_20260521_174609_da1dd3/raw/labels.csv,/home/hefouzinho/aam_data_6_1/Data/After update/dem/session_20260521_174609_da1dd3/raw/dual_task.csv,5.0,1234.7800000000002,1.0,0.0,0.0,0.0,,61286,231.0,0.0,30.0,True,False,True,True,True,False
dem,session_20260521_185046_ac3461,/home/hefouzinho/aam_data_6_1/Data/After update/dem/session_20260521_185046_ac3461,76.0,28.0,67.0,43.0,46.0,50.0,74.0,42.0,35.0,/home/hefouzinho/aam_data_6_1/Data/After update/dem/session_20260521_185046_ac3461/raw/labels.csv,/home/hefouzinho/aam_data_6_1/Data/After update/dem/session_20260521_185046_ac3461/raw/dual_task.csv,5.0,1268.3539999999998,1.0,0.0,0.0,0.0,,41795,1543.0,0.0,28.7,True,False,True,True,True,False
dem,session_20260521_203934_557784,/home/hefouzinho/aam_data_6_1/Data/After update/dem/session_20260521_203934_557784,50.0,25.0,70.0,36.0,50.0,59.0,62.0,35.0,32.0,/home/hefouzinho/aam_data_6_1/Data/After update/dem/session_20260521_203934_557784/raw/labels.csv,/home/hefouzinho/aam_data_6_1/Data/After update/dem/session_20260521_203934_557784/raw/dual_task.csv,6.0,1578.5183333333334,1.0,16.0,61.0,361.0,json,34261,432.0,0.0,30.0,True,True,True,True,True,True
gassarra,session_20260517_134333_aeb7dc,/home/hefouzinho/aam_data_6_1/Data/After update/gassarra/data/session_20260517_134333_aeb7dc,100.0,0.0,100.0,80.0,73.0,11.0,100.0,50.0,100.0,/home/hefouzinho/aam_data_6_1/Data/After update/gassarra/data/session_20260517_134333_aeb7dc/raw/labels.csv,/home/hefouzinho/aam_data_6_1/Data/After update/gassarra/data/session_20260517_134333_aeb7dc/labels/dual_task.csv (empty),,,,16.0,61.0,361.0,json,75192,110.0,0.0,29.6,True,True,True,True,False,True
ghoss,session_20260526_191020_35ca55,/home/hefouzinho/aam_data_6_1/Data/After update/ghoss/session_20260526_191020_35ca55,90.0,50.0,20.0,70.0,70.0,40.0,40.0,50.0,60.0,/home/hefouzinho/aam_data_6_1/Data/After update/ghoss/session_20260526_191020_35ca55/raw/labels.csv,/home/hefouzinho/aam_data_6_1/Data/After update/ghoss/session_20260526_191020_35ca55/raw/dual_task.csv,5.0,1820.852,0.8,15.0,60.0,360.0,json,41225,1783.0,0.0,30.0,True,True,True,True,True,True
hffz,session_20260511_231045_f880e8,/home/hefouzinho/aam_data_6_1/Data/After update/hffz/session_20260511_231045_f880e8,37.0,24.0,0.0,26.0,15.0,9.0,5.0,29.0,9.0,/home/hefouzinho/aam_data_6_1/Data/After update/hffz/session_20260511_231045_f880e8/raw/labels.csv,/home/hefouzinho/aam_data_6_1/Data/After update/hffz/session_20260511_231045_f880e8/raw/dual_task.csv,7.0,1573.7528571428572,1.0,,61.0,361.0,json,29749,5918.0,4.0,30.0,True,False,True,True,True,False
hffz,session_20260516_105315_535a79,/home/hefouzinho/aam_data_6_1/Data/After update/hffz/session_20260516_105315_535a79,52.0,11.0,4.0,22.0,18.0,26.0,47.0,63.0,32.0,/home/hefouzinho/aam_data_6_1/Data/After update/hffz/session_20260516_105315_535a79/raw/labels.csv,/home/hefouzinho/aam_data_6_1/Data/After update/hffz/session_20260516_105315_535a79/raw/dual_task.csv,3.0,539.93,0.3333333333333333,8.0,31.0,181.0,json,4296,204.0,0.0,14.8,True,True,True,True,True,True
hffz,session_20260520_220220_20835b,/home/hefouzinho/aam_data_6_1/Data/After update/hffz/session_20260520_220220_20835b,58.0,28.0,79.0,22.0,43.0,78.0,75.0,14.0,8.0,/home/hefouzinho/aam_data_6_1/Data/After update/hffz/session_20260520_220220_20835b/raw/labels.csv,/home/hefouzinho/aam_data_6_1/Data/After update/hffz/session_20260520_220220_20835b/labels/dual_task.csv (empty),,,,2.0,8.0,44.0,json,4783,206.0,0.0,3.6,True,True,True,True,False,True
hffz,session_20260520_222844_7c414b,/home/hefouzinho/aam_data_6_1/Data/After update/hffz/session_20260520_222844_7c414b,76.0,27.0,92.0,34.0,65.0,73.0,60.0,22.0,51.0,/home/hefouzinho/aam_data_6_1/Data/After update/hffz/session_20260520_222844_7c414b/raw/labels.csv,/home/hefouzinho/aam_data_6_1/Data/After update/hffz/session_20260520_222844_7c414b/raw/dual_task.csv,12.0,1156.5516666666665,0.5833333333333334,31.0,121.0,721.0,json,28375,369.0,0.0,56.4,True,True,True,True,True,True
ignorant,session_20260520_170354_7f6034,/home/hefouzinho/aam_data_6_1/Data/After update/ignorant/session_20260520_170354_7f6034,0.0,0.0,15.0,86.0,0.0,0.0,0.0,90.0,0.0,/home/hefouzinho/aam_data_6_1/Data/After update/ignorant/session_20260520_170354_7f6034/raw/labels.csv,/home/hefouzinho/aam_data_6_1/Data/After update/ignorant/session_20260520_170354_7f6034/raw/dual_task.csv,5.0,1453.066,0.8,16.0,61.0,361.0,json,619,14.0,15.0,28.2,True,True,True,True,True,True
ladabos,session_20260528_093705_7f659b,/home/hefouzinho/aam_data_6_1/Data/After update/ladabos/session_20260528_093705_7f659b,50.0,0.0,4.0,50.0,30.0,13.0,13.0,0.0,0.0,/home/hefouzinho/aam_data_6_1/Data/After update/ladabos/session_20260528_093705_7f659b/raw/labels.csv,/home/hefouzinho/aam_data_6_1/Data/After update/ladabos/session_20260528_093705_7f659b/labels/dual_task.csv (empty),,,,16.0,61.0,361.0,json,8,22.0,0.0,8.9,True,True,False,True,False,True
layss,session_20260513_110323_584cf7,/home/hefouzinho/aam_data_6_1/Data/After update/layss/session_20260513_110323_584cf7,1.0,0.0,1.0,100.0,0.0,0.0,0.0,0.0,5.0,/home/hefouzinho/aam_data_6_1/Data/After update/layss/session_20260513_110323_584cf7/raw/labels.csv,/home/hefouzinho/aam_data_6_1/Data/After update/layss/session_20260513_110323_584cf7/labels/dual_task.csv (empty),,,,7.0,25.0,145.0,json,9832,586.0,0.0,12.0,True,True,True,True,False,True
layss,session_20260525_111948_83ef24,/home/hefouzinho/aam_data_6_1/Data/After update/layss/session_20260525_111948_83ef24,80.0,20.0,0.0,0.0,72.0,7.0,4.0,50.0,0.0,/home/hefouzinho/aam_data_6_1/Data/After update/layss/session_20260525_111948_83ef24/raw/labels.csv,/home/hefouzinho/aam_data_6_1/Data/After update/layss/session_20260525_111948_83ef24/labels/dual_task.csv (empty),,,,15.0,60.0,360.0,json,13564,262.0,0.0,30.0,True,True,True,True,False,True
layss,session_20260525_115401_a789a3,/home/hefouzinho/aam_data_6_1/Data/After update/layss/session_20260525_115401_a789a3,0.0,0.0,100.0,0.0,0.0,0.0,0.0,11.0,16.0,/home/hefouzinho/aam_data_6_1/Data/After update/layss/session_20260525_115401_a789a3/raw/labels.csv,/home/hefouzinho/aam_data_6_1/Data/After update/layss/session_20260525_115401_a789a3/labels/dual_task.csv (empty),,,,16.0,61.0,361.0,json,13255,66.0,0.0,30.0,True,True,True,True,False,True
layss,session_20260525_133940_df428b,/home/hefouzinho/aam_data_6_1/Data/After update/layss/session_20260525_133940_df428b,0.0,0.0,67.0,0.0,0.0,62.0,10.0,6.0,0.0,/home/hefouzinho/aam_data_6_1/Data/After update/layss/session_20260525_133940_df428b/raw/labels.csv,/home/hefouzinho/aam_data_6_1/Data/After update/layss/session_20260525_133940_df428b/labels/dual_task.csv (empty),,,,11.0,41.0,241.0,json,13614,126.0,0.0,19.9,True,True,True,True,False,True
layss,session_20260525_223533_1be900,/home/hefouzinho/aam_data_6_1/Data/After update/layss/session_20260525_223533_1be900,10.0,0.0,3.0,5.0,4.0,3.0,1.0,92.0,5.0,/home/hefouzinho/aam_data_6_1/Data/After update/layss/session_20260525_223533_1be900/raw/labels.csv,/home/hefouzinho/aam_data_6_1/Data/After update/layss/session_20260525_223533_1be900/raw/dual_task.csv,6.0,287.34166666666664,0.16666666666666666,15.0,60.0,360.0,json,8849,490.0,0.0,30.0,True,True,True,True,True,True
mohanned,session_20260511_184052_938a4e,/home/hefouzinho/aam_data_6_1/Data/After update/mohanned/session_20260511_184052_938a4e,58.0,35.0,60.0,60.0,57.0,44.0,57.0,59.0,69.0,/home/hefouzinho/aam_data_6_1/Data/After update/mohanned/session_20260511_184052_938a4e/raw/labels.csv,/home/hefouzinho/aam_data_6_1/Data/After update/mohanned/session_20260511_184052_938a4e/labels/dual_task.csv (empty),,,,16.0,61.0,361.0,json,39616,2070.0,0.0,29.9,True,True,True,True,False,True
mohanned,session_20260516_091611_f4cecf,/home/hefouzinho/aam_data_6_1/Data/After update/mohanned/session_20260516_091611_f4cecf,13.0,12.0,3.0,5.0,5.0,11.0,7.0,5.0,5.0,/home/hefouzinho/aam_data_6_1/Data/After update/mohanned/session_20260516_091611_f4cecf/raw/labels.csv,/home/hefouzinho/aam_data_6_1/Data/After update/mohanned/session_20260516_091611_f4cecf/raw/dual_task.csv,7.0,893.9685714285715,0.5714285714285714,,,,,22588,189.0,0.0,30.0,True,False,True,True,True,False
oussama,session_20260516_092837_1d31b1,/home/hefouzinho/aam_data_6_1/Data/After update/oussama/data/session_20260516_092837_1d31b1,95.0,27.0,64.0,80.0,72.0,39.0,32.0,70.0,71.0,/home/hefouzinho/aam_data_6_1/Data/After update/oussama/data/session_20260516_092837_1d31b1/raw/labels.csv,/home/hefouzinho/aam_data_6_1/Data/After update/oussama/data/session_20260516_092837_1d31b1/raw/dual_task.csv,5.0,1359.31,0.6,,,,,28732,284.0,0.0,30.0,True,False,True,True,True,False
oussama,session_20260516_105702_81c740,/home/hefouzinho/aam_data_6_1/Data/After update/oussama/data/session_20260516_105702_81c740,96.0,36.0,49.0,88.0,64.0,29.0,27.0,81.0,50.0,/home/hefouzinho/aam_data_6_1/Data/After update/oussama/data/session_20260516_105702_81c740/raw/labels.csv,/home/hefouzinho/aam_data_6_1/Data/After update/oussama/data/session_20260516_105702_81c740/raw/dual_task.csv,3.0,854.4200000000001,0.3333333333333333,8.0,31.0,181.0,json,6567,0.0,0.0,14.6,True,True,True,False,True,True
oussama,session_20260516_145339_80137b,/home/hefouzinho/aam_data_6_1/Data/After update/oussama/data/session_20260516_145339_80137b,66.0,26.0,38.0,74.0,60.0,66.0,65.0,62.0,65.0,/home/hefouzinho/aam_data_6_1/Data/After update/oussama/data/session_20260516_145339_80137b/raw/labels.csv,/home/hefouzinho/aam_data_6_1/Data/After update/oussama/data/session_20260516_145339_80137b/raw/dual_task.csv,5.0,931.104,0.4,,,361.0,json,12639,74.0,0.0,29.7,True,False,True,True,True,False
oussama,session_20260516_164308_06d3f7,/home/hefouzinho/aam_data_6_1/Data/After update/oussama/data/session_20260516_164308_06d3f7,50.0,50.0,50.0,50.0,50.0,50.0,50.0,50.0,50.0,/home/hefouzinho/aam_data_6_1/Data/After update/oussama/data/session_20260516_164308_06d3f7/raw/labels.csv,/home/hefouzinho/aam_data_6_1/Data/After update/oussama/data/session_20260516_164308_06d3f7/raw/dual_task.csv,6.0,1134.6916666666666,0.6666666666666666,16.0,61.0,361.0,json,23510,0.0,0.0,23.6,True,True,True,False,True,True
oussama,session_20260517_095040_ccf2be,/home/hefouzinho/aam_data_6_1/Data/After update/oussama/data/session_20260517_095040_ccf2be,96.0,32.0,33.0,57.0,67.0,44.0,33.0,51.0,52.0,/home/hefouzinho/aam_data_6_1/Data/After update/oussama/data/session_20260517_095040_ccf2be/raw/labels.csv,/home/hefouzinho/aam_data_6_1/Data/After update/oussama/data/session_20260517_095040_ccf2be/raw/dual_task.csv,4.0,1944.7875000000001,1.0,16.0,61.0,361.0,json,32631,312.0,0.0,30.0,True,True,True,True,True,True
oussama,session_20260517_102454_0566b1,/home/hefouzinho/aam_data_6_1/Data/After update/oussama/data/session_20260517_102454_0566b1,87.0,59.0,55.0,64.0,46.0,29.0,25.0,75.0,56.0,/home/hefouzinho/aam_data_6_1/Data/After update/oussama/data/session_20260517_102454_0566b1/raw/labels.csv,/home/hefouzinho/aam_data_6_1/Data/After update/oussama/data/session_20260517_102454_0566b1/raw/dual_task.csv,2.0,0.0,0.0,6.0,21.0,121.0,json,14478,236.0,0.0,8.5,True,True,True,True,True,True
oussama,session_20260517_171415_0ddd81,/home/hefouzinho/aam_data_6_1/Data/After update/oussama/data/session_20260517_171415_0ddd81,50.0,50.0,50.0,50.0,50.0,50.0,50.0,50.0,50.0,/home/hefouzinho/aam_data_6_1/Data/After update/oussama/data/session_20260517_171415_0ddd81/raw/labels.csv,/home/hefouzinho/aam_data_6_1/Data/After update/oussama/data/session_20260517_171415_0ddd81/raw/dual_task.csv,5.0,1903.236,0.8,16.0,61.0,361.0,json,14407,829.0,0.0,29.8,True,True,True,True,True,True
oussama,session_20260523_164010_9f2f78,/home/hefouzinho/aam_data_6_1/Data/After update/oussama/data/session_20260523_164010_9f2f78,31.0,15.0,19.0,11.0,14.0,25.0,27.0,16.0,0.0,/home/hefouzinho/aam_data_6_1/Data/After update/oussama/data/session_20260523_164010_9f2f78/raw/labels.csv,/home/hefouzinho/aam_data_6_1/Data/After update/oussama/data/session_20260523_164010_9f2f78/raw/dual_task.csv,6.0,857.3450000000001,0.5,16.0,61.0,361.0,json,23477,862.0,0.0,28.5,True,True,True,True,True,True
oussama,session_20260524_101641_ea7d5a,/home/hefouzinho/aam_data_6_1/Data/After update/oussama/data/session_20260524_101641_ea7d5a,66.0,89.0,40.0,52.0,62.0,38.0,36.0,61.0,60.0,/home/hefouzinho/aam_data_6_1/Data/After update/oussama/data/session_20260524_101641_ea7d5a/raw/labels.csv,/home/hefouzinho/aam_data_6_1/Data/After update/oussama/data/session_20260524_101641_ea7d5a/raw/dual_task.csv,5.0,1000.9119999999999,0.6,16.0,61.0,361.0,json,51714,1277.0,0.0,30.0,True,True,True,True,True,True
oussama,session_20260524_111728_f646d7,/home/hefouzinho/aam_data_6_1/Data/After update/oussama/data/session_20260524_111728_f646d7,33.0,68.0,30.0,33.0,55.0,71.0,51.0,30.0,32.0,/home/hefouzinho/aam_data_6_1/Data/After update/oussama/data/session_20260524_111728_f646d7/raw/labels.csv,/home/hefouzinho/aam_data_6_1/Data/After update/oussama/data/session_20260524_111728_f646d7/raw/dual_task.csv,3.0,0.0,0.0,16.0,61.0,361.0,json,36901,1081.0,0.0,28.6,True,True,True,True,True,True
oussama,session_20260524_210800_bf6b4a,/home/hefouzinho/aam_data_6_1/Data/After update/oussama/data/session_20260524_210800_bf6b4a,31.0,65.0,33.0,39.0,8.0,71.0,17.0,19.0,5.0,/home/hefouzinho/aam_data_6_1/Data/After update/oussama/data/session_20260524_210800_bf6b4a/raw/labels.csv,/home/hefouzinho/aam_data_6_1/Data/After update/oussama/data/session_20260524_210800_bf6b4a/raw/dual_task.csv,5.0,1090.09,0.6,16.0,61.0,361.0,json,24634,3509.0,0.0,29.9,True,True,True,True,True,True
oussama,session_20260524_224534_09f1ab,/home/hefouzinho/aam_data_6_1/Data/After update/oussama/data/session_20260524_224534_09f1ab,61.0,78.0,69.0,73.0,70.0,39.0,30.0,67.0,87.0,/home/hefouzinho/aam_data_6_1/Data/After update/oussama/data/session_20260524_224534_09f1ab/raw/labels.csv,/home/hefouzinho/aam_data_6_1/Data/After update/oussama/data/session_20260524_224534_09f1ab/raw/dual_task.csv,5.0,1951.8760000000002,1.0,16.0,61.0,361.0,json,52981,2134.0,0.0,30.0,True,True,True,True,True,True
oussama,session_20260524_231826_9ddcc5,/home/hefouzinho/aam_data_6_1/Data/After update/oussama/data/session_20260524_231826_9ddcc5,,,,,,,,,,/home/hefouzinho/aam_data_6_1/Data/After update/oussama/data/session_20260524_231826_9ddcc5/raw/labels.csv (empty),/home/hefouzinho/aam_data_6_1/Data/After update/oussama/data/session_20260524_231826_9ddcc5/raw/dual_task.csv,7.0,977.4842857142856,0.5714285714285714,,,,,31030,2046.0,0.0,30.0,False,False,True,True,True,False
oussama,session_20260525_094746_16983b,/home/hefouzinho/aam_data_6_1/Data/After update/oussama/data/session_20260525_094746_16983b,,,,,,,,,,/home/hefouzinho/aam_data_6_1/Data/After update/oussama/data/session_20260525_094746_16983b/raw/labels.csv (empty),/home/hefouzinho/aam_data_6_1/Data/After update/oussama/data/session_20260525_094746_16983b/raw/dual_task.csv (empty),,,,,,,,2018,352.0,0.0,1.8,False,False,True,True,False,False
oussama,session_20260525_094944_eed760,/home/hefouzinho/aam_data_6_1/Data/After update/oussama/data/session_20260525_094944_eed760,,,,,,,,,,/home/hefouzinho/aam_data_6_1/Data/After update/oussama/data/session_20260525_094944_eed760/raw/labels.csv (empty),/home/hefouzinho/aam_data_6_1/Data/After update/oussama/data/session_20260525_094944_eed760/raw/dual_task.csv,5.0,974.0,0.4,,,,,23835,931.0,0.0,28.7,False,False,True,True,True,False
oussama,session_20260525_113028_a89e0d,/home/hefouzinho/aam_data_6_1/Data/After update/oussama/data/session_20260525_113028_a89e0d,50.0,50.0,50.0,50.0,50.0,50.0,50.0,50.0,50.0,/home/hefouzinho/aam_data_6_1/Data/After update/oussama/data/session_20260525_113028_a89e0d/raw/labels.csv,/home/hefouzinho/aam_data_6_1/Data/After update/oussama/data/session_20260525_113028_a89e0d/raw/dual_task.csv,5.0,796.322,0.4,,,,,29115,1502.0,0.0,30.0,True,False,True,True,True,False
oussama,session_20260525_144151_ee5291,/home/hefouzinho/aam_data_6_1/Data/After update/oussama/data/session_20260525_144151_ee5291,62.0,63.0,61.0,60.0,60.0,64.0,36.0,37.0,38.0,/home/hefouzinho/aam_data_6_1/Data/After update/oussama/data/session_20260525_144151_ee5291/raw/labels.csv,/home/hefouzinho/aam_data_6_1/Data/After update/oussama/data/session_20260525_144151_ee5291/raw/dual_task.csv,2.0,1018.76,0.5,16.0,61.0,361.0,json,28884,811.0,0.0,30.0,True,True,True,True,True,True
oussama,session_20260525_151524_a9c725,/home/hefouzinho/aam_data_6_1/Data/After update/oussama/data/session_20260525_151524_a9c725,,,,,,,,,,/home/hefouzinho/aam_data_6_1/Data/After update/oussama/data/session_20260525_151524_a9c725/raw/labels.csv (empty),/home/hefouzinho/aam_data_6_1/Data/After update/oussama/data/session_20260525_151524_a9c725/raw/dual_task.csv,4.0,916.4225000000001,0.5,,,,,29744,1605.0,0.0,22.7,False,False,True,True,True,False
oussama,session_20260525_160833_1e3ee9,/home/hefouzinho/aam_data_6_1/Data/After update/oussama/data/session_20260525_160833_1e3ee9,57.0,57.0,33.0,40.0,58.0,40.0,36.0,63.0,64.0,/home/hefouzinho/aam_data_6_1/Data/After update/oussama/data/session_20260525_160833_1e3ee9/raw/labels.csv,/home/hefouzinho/aam_data_6_1/Data/After update/oussama/data/session_20260525_160833_1e3ee9/raw/dual_task.csv,2.0,2215.755,1.0,,,,,37073,1580.0,0.0,29.7,True,False,True,True,True,False
oussama,session_20260525_163947_2425a8,/home/hefouzinho/aam_data_6_1/Data/After update/oussama/data/session_20260525_163947_2425a8,,,,,,,,,,/home/hefouzinho/aam_data_6_1/Data/After update/oussama/data/session_20260525_163947_2425a8/raw/labels.csv (error: No columns to parse from file),/home/hefouzinho/aam_data_6_1/Data/After update/oussama/data/session_20260525_163947_2425a8/raw/dual_task.csv (error: No columns to parse from file),,,,,,,,3865,88.0,-1.0,1.7,False,False,True,True,False,False
oussama,session_20260525_192751_6639b7,/home/hefouzinho/aam_data_6_1/Data/After update/oussama/data/session_20260525_192751_6639b7,,,,,,,,,,/home/hefouzinho/aam_data_6_1/Data/After update/oussama/data/session_20260525_192751_6639b7/raw/labels.csv (empty),/home/hefouzinho/aam_data_6_1/Data/After update/oussama/data/session_20260525_192751_6639b7/raw/dual_task.csv (empty),,,,,,,,423,0.0,0.0,0.1,False,False,True,False,False,False
oussama,session_20260525_192812_b8cdc6,/home/hefouzinho/aam_data_6_1/Data/After update/oussama/data/session_20260525_192812_b8cdc6,64.0,66.0,32.0,63.0,60.0,69.0,33.0,62.0,59.0,/home/hefouzinho/aam_data_6_1/Data/After update/oussama/data/session_20260525_192812_b8cdc6/raw/labels.csv,/home/hefouzinho/aam_data_6_1/Data/After update/oussama/data/session_20260525_192812_b8cdc6/raw/dual_task.csv,6.0,479.56500000000005,0.3333333333333333,16.0,61.0,361.0,json,26360,1294.0,0.0,29.8,True,True,True,True,True,True
oussama,session_20260525_200307_b0bbbd,/home/hefouzinho/aam_data_6_1/Data/After update/oussama/data/session_20260525_200307_b0bbbd,50.0,50.0,50.0,50.0,50.0,50.0,50.0,50.0,50.0,/home/hefouzinho/aam_data_6_1/Data/After update/oussama/data/session_20260525_200307_b0bbbd/raw/labels.csv,/home/hefouzinho/aam_data_6_1/Data/After update/oussama/data/session_20260525_200307_b0bbbd/raw/dual_task.csv,3.0,645.22,0.3333333333333333,16.0,61.0,361.0,json,21043,1615.0,0.0,19.9,True,True,True,True,True,True
oussama,session_20260525_204344_7b89ac,/home/hefouzinho/aam_data_6_1/Data/After update/oussama/data/session_20260525_204344_7b89ac,66.0,69.0,63.0,81.0,72.0,34.0,30.0,75.0,71.0,/home/hefouzinho/aam_data_6_1/Data/After update/oussama/data/session_20260525_204344_7b89ac/raw/labels.csv,/home/hefouzinho/aam_data_6_1/Data/After update/oussama/data/session_20260525_204344_7b89ac/raw/dual_task.csv,5.0,712.984,0.4,16.0,61.0,361.0,json,20904,1077.0,0.0,28.2,True,True,True,True,True,True
oussama,session_20260525_213926_fd0c5b,/home/hefouzinho/aam_data_6_1/Data/After update/oussama/data/session_20260525_213926_fd0c5b,,,,,,,,,,/home/hefouzinho/aam_data_6_1/Data/After update/oussama/data/session_20260525_213926_fd0c5b/raw/labels.csv (empty),/home/hefouzinho/aam_data_6_1/Data/After update/oussama/data/session_20260525_213926_fd0c5b/raw/dual_task.csv,6.0,1690.573333333333,0.8333333333333334,,,,,52376,2700.0,0.0,30.0,False,False,True,True,True,False
oussama,session_20260525_223855_25fb7a,/home/hefouzinho/aam_data_6_1/Data/After update/oussama/data/session_20260525_223855_25fb7a,,,,,,,,,,/home/hefouzinho/aam_data_6_1/Data/After update/oussama/data/session_20260525_223855_25fb7a/raw/labels.csv (empty),/home/hefouzinho/aam_data_6_1/Data/After update/oussama/data/session_20260525_223855_25fb7a/raw/dual_task.csv,1.0,2318.09,1.0,,,,,10495,596.0,0.0,8.3,False,False,True,True,True,False
oussama,session_20260525_232112_57c6bb,/home/hefouzinho/aam_data_6_1/Data/After update/oussama/data/session_20260525_232112_57c6bb,34.0,54.0,13.0,11.0,49.0,50.0,50.0,58.0,32.0,/home/hefouzinho/aam_data_6_1/Data/After update/oussama/data/session_20260525_232112_57c6bb/raw/labels.csv,/home/hefouzinho/aam_data_6_1/Data/After update/oussama/data/session_20260525_232112_57c6bb/raw/dual_task.csv,5.0,1013.442,0.4,15.0,60.0,360.0,json,25802,3530.0,0.0,28.7,True,True,True,True,True,True
oussama,session_20260526_102009_2fed19,/home/hefouzinho/aam_data_6_1/Data/After update/oussama/data/session_20260526_102009_2fed19,95.0,98.0,93.0,77.0,65.0,5.0,5.0,92.0,93.0,/home/hefouzinho/aam_data_6_1/Data/After update/oussama/data/session_20260526_102009_2fed19/raw/labels.csv,/home/hefouzinho/aam_data_6_1/Data/After update/oussama/data/session_20260526_102009_2fed19/raw/dual_task.csv,3.0,1492.3266666666666,1.0,16.0,61.0,361.0,json,36451,2317.0,0.0,29.3,True,True,True,True,True,True
oussama,session_20260526_122927_1c6819,/home/hefouzinho/aam_data_6_1/Data/After update/oussama/data/session_20260526_122927_1c6819,78.0,77.0,77.0,96.0,68.0,2.0,2.0,86.0,81.0,/home/hefouzinho/aam_data_6_1/Data/After update/oussama/data/session_20260526_122927_1c6819/raw/labels.csv,/home/hefouzinho/aam_data_6_1/Data/After update/oussama/data/session_20260526_122927_1c6819/raw/dual_task.csv,4.0,1364.9775,0.75,16.0,61.0,361.0,json,34030,1858.0,0.0,29.9,True,True,True,True,True,True
